Email ID,Subject,Body,Sender Email,Date Sent
608,Final Warning: Account Suspended!,Sorry????for????the????delay.????I????received????your????application????and????will????get????back????to????you????shortly.,margaretporter@gmail.com,2025-04-06 03:30:18
358,RE: FW: Application,Sorryforthedelay.Ireceivedyourapplicationandwillgetbacktoyoushortly.Clickheretowin!,jeffreypetersen_fake@hotmail.com,2025-04-01 06:38:11
852,RE: FW: Application,Quick   reminder:   Your   appointment   is   scheduled   for   tomorrow   at   3   PM.   Act   fast!!!,corypetersen_fake@gmail.com,2025-04-02 10:03:39
267,NEW VOICEMAIL,"Hey????team,????the????project????is????moving????ahead,????attached????is????the????progress????document.????Act????fast!!!",droberts@yahoo.com,2025-04-05 15:38:18
207,Free gift!!!,Sorry!!!for!!!the!!!delay.!!!I!!!received!!!your!!!application!!!and!!!will!!!get!!!back!!!to!!!you!!!shortly.,garciaalan@murphy.com,2025-04-06 19:11:19
969,Application for position,Quick!!!reminder:!!!Your!!!appointment!!!is!!!scheduled!!!for!!!tomorrow!!!at!!!3!!!PM.,moodyrobert_fake@hotmail.com,2025-04-01 21:34:48
501,RE: FW: Application,"Hey,canyousendmethefilesfortheprojectreport?Clickheretowin!Actfast!!!",richard08_fake@harris.com,2025-04-03 18:42:57
564,Application for position,Quick!!!reminder:!!!Your!!!appointment!!!is!!!scheduled!!!for!!!tomorrow!!!at!!!3!!!PM.!!!Click!!!here!!!to!!!win!!!!Act!!!fast!!!,jamesdickson@yahoo.com,2025-04-05 12:31:08
415,Final Warning: Account Suspended!,Youhaveanewvoicemail.Dial123tolisten.Clickheretowin!Actfast!!!,ygarcia_fake@brewer.net,2025-04-02 23:55:49
180,Final Warning: Account Suspended!,Youraccounthasbeentemporarilysuspendedduetosuspiciousactivity!ACTNOW!,kfletcher@mccoy-ryan.com,2025-04-01 09:11:29
396,Application for position,"Hey,canyousendmethefilesfortheprojectreport?Actfast!!!",walkerjeffery@hotmail.com,2025-04-06 17:15:09
748,Application for position,I??would??like??to??apply??for??the??software??engineer??role.??My??resume??is??attached.??Click??here??to??win!,andreaedwards_fake@yahoo.com,2025-04-04 02:18:40
757,NEW VOICEMAIL,Don’t??miss??out!??Big??Sale??–??Shop??Now!??Click??here??to??win!,peterjohnson@gmail.com,2025-04-03 17:47:35
588,Free gift!!!,"Hey,??can??you??send??me??the??files??for??the??project??report?",paul29_fake@yahoo.com,2025-04-02 21:09:57
495,Final Warning: Account Suspended!,"Congrats,   you've   won   a   $500   gift   card!   Claim   NOW!!!   Click   here   to   win!   Act   fast!!!",jefferydavenport_fake@johnson-rivera.com,2025-04-06 13:21:37
211,Quick Question,Get????30%????OFF????on????everything!!????Visit????our????website????NOW!????Hurry!????Click????here????to????win!,ericevans_fake@ramos-gallagher.com,2025-04-05 15:22:28
627,Reminder!,Get   30%   OFF   on   everything!!   Visit   our   website   NOW!   Hurry!   Click   here   to   win!,edwardsstephanie_fake@jones.com,2025-04-01 00:30:48
285,Limited Time Offer,"Hey   team,   the   project   is   moving   ahead,   attached   is   the   progress   document.   Act   fast!!!",langchristopher_fake@hotmail.com,2025-04-03 14:30:47
855,FW: Project Update,Sorry!!!for!!!the!!!delay.!!!I!!!received!!!your!!!application!!!and!!!will!!!get!!!back!!!to!!!you!!!shortly.!!!Act!!!fast!!!,michelle44_fake@gmail.com,2025-04-04 14:58:32
162,Free gift!!!,Youraccounthasbeentemporarilysuspendedduetosuspiciousactivity!ACTNOW!Clickheretowin!Actfast!!!,melissaholland@mason-thompson.com,2025-04-01 04:37:16
646,NEW VOICEMAIL,Quick  reminder:  Your  appointment  is  scheduled  for  tomorrow  at  3  PM.  Click  here  to  win!,djames@peters.com,2025-04-01 16:37:35
689,RE: FW: Application,Youhaveanewvoicemail.Dial123tolisten.,juanwise@gmail.com,2025-04-04 19:36:01
341,NEW VOICEMAIL,Quick????reminder:????Your????appointment????is????scheduled????for????tomorrow????at????3????PM.????Click????here????to????win!????Act????fast!!!,iwilliams@conley.com,2025-04-06 01:06:28
725,Application for position,I!!!would!!!like!!!to!!!apply!!!for!!!the!!!software!!!engineer!!!role.!!!My!!!resume!!!is!!!attached.!!!Click!!!here!!!to!!!win!,fhernandez_fake@mack-rogers.info,2025-04-01 23:04:45
231,Reminder!,Your  account  has  been  temporarily  suspended  due  to  suspicious  activity!  ACT  NOW!  Click  here  to  win!  Act  fast!!!,johnsonmonica_fake@hotmail.com,2025-04-04 19:29:48
823,FW: Project Update,Iwouldliketoapplyforthesoftwareengineerrole.Myresumeisattached.Clickheretowin!Actfast!!!,jeff76@woods.net,2025-04-04 15:40:09
380,Reminder!,"Hey??team,??the??project??is??moving??ahead,??attached??is??the??progress??document.??Click??here??to??win!",rickyhart@yahoo.com,2025-04-04 10:53:06
276,NEW VOICEMAIL,Get??30%??OFF??on??everything!!??Visit??our??website??NOW!??Hurry!,robert76_fake@yahoo.com,2025-04-05 05:04:52
910,Final Warning: Account Suspended!,Your!!!account!!!has!!!been!!!temporarily!!!suspended!!!due!!!to!!!suspicious!!!activity!!!!ACT!!!NOW!,stephaniehansen@hotmail.com,2025-04-03 15:48:38
108,FW: Project Update,Sorry??for??the??delay.??I??received??your??application??and??will??get??back??to??you??shortly.??Click??here??to??win!,dana42@hotmail.com,2025-04-06 04:17:39
1,Final Warning: Account Suspended!,Get????30%????OFF????on????everything!!????Visit????our????website????NOW!????Hurry!????Click????here????to????win!????Act????fast!!!,nicolefarmer_fake@gmail.com,2025-04-03 05:21:50
972,Quick Question,You  have  a  new  voicemail.  Dial  123  to  listen.  Act  fast!!!,lindsaysmith@brown.com,2025-04-01 07:21:32
471,FW: Project Update,"Hey,   can   you   send   me   the   files   for   the   project   report?   Click   here   to   win!",bmcfarland_fake@scott-evans.biz,2025-04-05 05:03:45
865,Reminder!,Get????30%????OFF????on????everything!!????Visit????our????website????NOW!????Hurry!????Click????here????to????win!,jake85@gmail.com,2025-04-02 03:44:55
779,Quick Question,You  have  a  new  voicemail.  Dial  123  to  listen.  Click  here  to  win!,hharrison_fake@yahoo.com,2025-04-06 03:11:53
307,Limited Time Offer,"Hey,????can????you????send????me????the????files????for????the????project????report?????Click????here????to????win!",paige46@gmail.com,2025-04-04 00:20:11
778,Limited Time Offer,Your   account   has   been   temporarily   suspended   due   to   suspicious   activity!   ACT   NOW!   Click   here   to   win!   Act   fast!!!,bcarpenter_fake@johnson-bell.net,2025-04-01 03:26:43
466,Final Warning: Account Suspended!,Sorry  for  the  delay.  I  received  your  application  and  will  get  back  to  you  shortly.  Click  here  to  win!  Act  fast!!!,hubbardronald_fake@jones.com,2025-04-01 04:43:06
128,Limited Time Offer,Youraccounthasbeentemporarilysuspendedduetosuspiciousactivity!ACTNOW!Clickheretowin!,davidpittman@yahoo.com,2025-04-05 22:55:02
862,Free gift!!!,I????would????like????to????apply????for????the????software????engineer????role.????My????resume????is????attached.????Click????here????to????win!????Act????fast!!!,bianca03@gmail.com,2025-04-05 12:10:45
360,Limited Time Offer,"Hey,??can??you??send??me??the??files??for??the??project??report?",tannermichael@hotmail.com,2025-04-05 05:16:08
750,FW: Project Update,"Congrats,????you've????won????a????$500????gift????card!????Claim????NOW!!!????Click????here????to????win!????Act????fast!!!",matthew11@yahoo.com,2025-04-03 23:12:05
841,Limited Time Offer,I  would  like  to  apply  for  the  software  engineer  role.  My  resume  is  attached.,debbiemiller_fake@yahoo.com,2025-04-04 12:16:50
810,Final Warning: Account Suspended!,"Hey????team,????the????project????is????moving????ahead,????attached????is????the????progress????document.????Act????fast!!!",michaelreyes_fake@gmail.com,2025-04-03 00:43:26
358,Limited Time Offer,You  have  a  new  voicemail.  Dial  123  to  listen.  Click  here  to  win!  Act  fast!!!,pjones_fake@yahoo.com,2025-04-06 15:02:53
555,Reminder!,Don’t   miss   out!   Big   Sale   –   Shop   Now!,chaseandrew@gmail.com,2025-04-06 03:02:07
176,NEW VOICEMAIL,Don’tmissout!BigSale–ShopNow!,nicole14_fake@harding-humphrey.org,2025-04-06 19:16:01
842,Limited Time Offer,You   have   a   new   voicemail.   Dial   123   to   listen.   Act   fast!!!,sean15_fake@gmail.com,2025-04-05 21:30:55
586,Application for position,Sorry!!!for!!!the!!!delay.!!!I!!!received!!!your!!!application!!!and!!!will!!!get!!!back!!!to!!!you!!!shortly.!!!Click!!!here!!!to!!!win!!!!Act!!!fast!!!,danielboyd@wilkinson-harris.com,2025-04-03 23:12:27
698,NEW VOICEMAIL,Youhaveanewvoicemail.Dial123tolisten.,kelsey56_fake@hotmail.com,2025-04-03 22:02:40
436,FW: Project Update,Sorry????for????the????delay.????I????received????your????application????and????will????get????back????to????you????shortly.????Click????here????to????win!,brittneywhite@yahoo.com,2025-04-05 01:21:45
443,Free gift!!!,"Congrats,!!!you've!!!won!!!a!!!$500!!!gift!!!card!!!!Claim!!!NOW!!!",zwagner@morrow.com,2025-04-02 04:10:14
496,Discount Deal,Get  30%  OFF  on  everything!!  Visit  our  website  NOW!  Hurry!,nicolepatterson@gmail.com,2025-04-03 07:32:22
713,Application for position,Don’t!!!miss!!!out!!!!Big!!!Sale!!!–!!!Shop!!!Now!!!!Click!!!here!!!to!!!win!!!!Act!!!fast!!!,petersonmadeline_fake@cain-white.info,2025-04-01 04:23:28
630,Final Warning: Account Suspended!,"Heyteam,theprojectismovingahead,attachedistheprogressdocument.Actfast!!!",hperez@mason-cook.info,2025-04-03 01:39:16
466,RE: FW: Application,Sorryforthedelay.Ireceivedyourapplicationandwillgetbacktoyoushortly.Clickheretowin!,jacqueline11_fake@henry.net,2025-04-04 14:15:28
291,RE: FW: Application,"Hey,????can????you????send????me????the????files????for????the????project????report?????Click????here????to????win!",mwells_fake@weaver.com,2025-04-06 07:29:36
101,Application for position,You????have????a????new????voicemail.????Dial????123????to????listen.????Click????here????to????win!????Act????fast!!!,paulpearson_fake@rodriguez-valentine.net,2025-04-02 13:17:44
80,Discount Deal,Sorry!!!for!!!the!!!delay.!!!I!!!received!!!your!!!application!!!and!!!will!!!get!!!back!!!to!!!you!!!shortly.!!!Click!!!here!!!to!!!win!,thompsonjennifer_fake@gmail.com,2025-04-05 07:09:59
543,Application for position,Your????account????has????been????temporarily????suspended????due????to????suspicious????activity!????ACT????NOW!????Click????here????to????win!????Act????fast!!!,cindy63@yahoo.com,2025-04-02 03:09:10
723,RE: FW: Application,"Hey,canyousendmethefilesfortheprojectreport?",ocooper@gmail.com,2025-04-05 05:28:13
464,Reminder!,I!!!would!!!like!!!to!!!apply!!!for!!!the!!!software!!!engineer!!!role.!!!My!!!resume!!!is!!!attached.,tinabeck@hotmail.com,2025-04-01 12:53:10
589,RE: FW: Application,Youhaveanewvoicemail.Dial123tolisten.,murphysarah_fake@yahoo.com,2025-04-04 19:04:25
186,RE: FW: Application,Get  30%  OFF  on  everything!!  Visit  our  website  NOW!  Hurry!  Click  here  to  win!,xevans_fake@barnett.biz,2025-04-03 23:18:51
753,NEW VOICEMAIL,"Hey,??can??you??send??me??the??files??for??the??project??report???Click??here??to??win!",pjennings_fake@yahoo.com,2025-04-03 15:02:27
493,Free gift!!!,Don’t   miss   out!   Big   Sale   –   Shop   Now!   Click   here   to   win!   Act   fast!!!,robertlyons@hotmail.com,2025-04-04 07:57:08
560,Application for position,Don’t!!!miss!!!out!!!!Big!!!Sale!!!–!!!Shop!!!Now!!!!Click!!!here!!!to!!!win!!!!Act!!!fast!!!,igiles@bennett.info,2025-04-01 10:02:22
118,Final Warning: Account Suspended!,"Congrats,  you've  won  a  $500  gift  card!  Claim  NOW!!!  Click  here  to  win!",cynthiarobinson@clark-manning.com,2025-04-04 20:07:53
111,Free gift!!!,Your!!!account!!!has!!!been!!!temporarily!!!suspended!!!due!!!to!!!suspicious!!!activity!!!!ACT!!!NOW!!!!Click!!!here!!!to!!!win!!!!Act!!!fast!!!,ericjackson_fake@allen-morris.com,2025-04-03 16:59:49
889,NEW VOICEMAIL,"Hey,????can????you????send????me????the????files????for????the????project????report?????Click????here????to????win!????Act????fast!!!",ugilbert@gmail.com,2025-04-02 23:02:03
744,Free gift!!!,Quick   reminder:   Your   appointment   is   scheduled   for   tomorrow   at   3   PM.   Act   fast!!!,hardyrichard@lewis-bell.com,2025-04-02 00:40:55
940,Limited Time Offer,Your   account   has   been   temporarily   suspended   due   to   suspicious   activity!   ACT   NOW!   Click   here   to   win!,mooredeborah@king-wheeler.com,2025-04-04 06:16:51
734,RE: FW: Application,Quick!!!reminder:!!!Your!!!appointment!!!is!!!scheduled!!!for!!!tomorrow!!!at!!!3!!!PM.!!!Act!!!fast!!!,williamsmichelle_fake@rodriguez-evans.com,2025-04-05 08:27:07
3,Reminder!,I!!!would!!!like!!!to!!!apply!!!for!!!the!!!software!!!engineer!!!role.!!!My!!!resume!!!is!!!attached.,melissafrench_fake@morrison.org,2025-04-01 04:14:35
381,Limited Time Offer,I????would????like????to????apply????for????the????software????engineer????role.????My????resume????is????attached.????Act????fast!!!,pennylee@yahoo.com,2025-04-03 04:28:23
430,NEW VOICEMAIL,Don’tmissout!BigSale–ShopNow!,xharvey_fake@hall.com,2025-04-04 03:04:10
635,FW: Project Update,Sorry??for??the??delay.??I??received??your??application??and??will??get??back??to??you??shortly.??Act??fast!!!,hoovergina_fake@stanley.com,2025-04-06 15:42:53
881,NEW VOICEMAIL,Sorry!!!for!!!the!!!delay.!!!I!!!received!!!your!!!application!!!and!!!will!!!get!!!back!!!to!!!you!!!shortly.,hickschristie_fake@clark.org,2025-04-05 05:34:25
151,Limited Time Offer,You!!!have!!!a!!!new!!!voicemail.!!!Dial!!!123!!!to!!!listen.!!!Act!!!fast!!!,angelawheeler_fake@barber.com,2025-04-01 23:03:49
811,Quick Question,"Hey,   can   you   send   me   the   files   for   the   project   report?   Click   here   to   win!   Act   fast!!!",williammartinez_fake@yahoo.com,2025-04-05 19:31:34
670,FW: Project Update,"Hey,  can  you  send  me  the  files  for  the  project  report?  Click  here  to  win!  Act  fast!!!",jadesherman@singh-hughes.org,2025-04-04 23:41:31
301,Reminder!,"Hey,   can   you   send   me   the   files   for   the   project   report?   Click   here   to   win!",nicholsjustin@hotmail.com,2025-04-05 19:12:23
930,Discount Deal,Quick????reminder:????Your????appointment????is????scheduled????for????tomorrow????at????3????PM.,lorimiller_fake@roberts-anthony.com,2025-04-05 06:49:47
377,Free gift!!!,Don’t????miss????out!????Big????Sale????–????Shop????Now!????Act????fast!!!,tbrown_fake@haynes.info,2025-04-01 19:12:43
685,RE: FW: Application,I  would  like  to  apply  for  the  software  engineer  role.  My  resume  is  attached.  Click  here  to  win!  Act  fast!!!,cortezsarah@yahoo.com,2025-04-06 07:18:29
821,Final Warning: Account Suspended!,"Congrats,??you've??won??a??$500??gift??card!??Claim??NOW!!!",doylereginald@werner.info,2025-04-06 11:17:17
922,Free gift!!!,"Hey!!!team,!!!the!!!project!!!is!!!moving!!!ahead,!!!attached!!!is!!!the!!!progress!!!document.!!!Click!!!here!!!to!!!win!!!!Act!!!fast!!!",zhaynes@hotmail.com,2025-04-03 22:25:11
412,Reminder!,You????have????a????new????voicemail.????Dial????123????to????listen.,brian71_fake@hotmail.com,2025-04-05 15:53:05
913,FW: Project Update,"Congrats,  you've  won  a  $500  gift  card!  Claim  NOW!!!  Act  fast!!!",gwilliams_fake@allen-thompson.net,2025-04-04 19:36:51
455,NEW VOICEMAIL,Your????account????has????been????temporarily????suspended????due????to????suspicious????activity!????ACT????NOW!????Click????here????to????win!????Act????fast!!!,nicholaswilliams@johnson.com,2025-04-03 09:27:02
51,Quick Question,Quick????reminder:????Your????appointment????is????scheduled????for????tomorrow????at????3????PM.????Click????here????to????win!,achang@hotmail.com,2025-04-04 17:54:43
575,Limited Time Offer,You!!!have!!!a!!!new!!!voicemail.!!!Dial!!!123!!!to!!!listen.!!!Act!!!fast!!!,ian36_fake@wolf.com,2025-04-04 20:43:43
817,Application for position,Quick????reminder:????Your????appointment????is????scheduled????for????tomorrow????at????3????PM.????Act????fast!!!,cookmichael_fake@yahoo.com,2025-04-04 18:17:43
66,FW: Project Update,"Hey,!!!can!!!you!!!send!!!me!!!the!!!files!!!for!!!the!!!project!!!report?",branchdean@bass.com,2025-04-06 08:02:21
576,FW: Project Update,Quick  reminder:  Your  appointment  is  scheduled  for  tomorrow  at  3  PM.,eho@thompson.biz,2025-04-03 11:31:49
921,NEW VOICEMAIL,"Hey??team,??the??project??is??moving??ahead,??attached??is??the??progress??document.??Act??fast!!!",parkmichelle_fake@harvey.com,2025-04-06 06:51:53
154,Limited Time Offer,I  would  like  to  apply  for  the  software  engineer  role.  My  resume  is  attached.  Act  fast!!!,erinorr_fake@gardner.com,2025-04-01 11:03:46
563,Final Warning: Account Suspended!,Quick   reminder:   Your   appointment   is   scheduled   for   tomorrow   at   3   PM.   Click   here   to   win!,maria90_fake@brown.com,2025-04-01 08:15:44
433,Free gift!!!,You??have??a??new??voicemail.??Dial??123??to??listen.??Click??here??to??win!??Act??fast!!!,adam74@gmail.com,2025-04-03 13:09:58
706,Application for position,"Hey??team,??the??project??is??moving??ahead,??attached??is??the??progress??document.",jesse88@yahoo.com,2025-04-04 02:59:34
